,Cities,Cloudiness,Date,Humidity,Lat,Long,Max Temp,Wind Speed
0,maanshan,40.0,1562904252.0,78.0,31.7,118.5,80.6,4.47
1,kegayli,,,,,,,
2,taolanaro,,,,,,,
3,rikitea,0.0,1562904046.0,81.0,-23.12,-134.97,73.35,14.32
4,namibe,9.0,1562904253.0,85.0,-15.19,12.15,64.57,12.44
5,sao filipe,0.0,1562904253.0,87.0,14.9,-24.5,71.97,17.09
6,new norfolk,20.0,1562904253.0,61.0,-42.78,147.06,48.2,23.04
7,dikson,100.0,1562904254.0,88.0,73.51,80.55,35.43,13.33
8,vaitupu,,,,,,,
9,lorengau,78.0,1562904254.0,74.0,-2.02,147.27,81.76,15.1
10,lebu,97.0,1562904254.0,86.0,8.96,38.73,55.28,1.5
11,tilichiki,49.0,1562904255.0,66.0,60.47,166.1,62.0,8.72
12,sao jose da coroa grande,34.0,1562904255.0,95.0,-8.9,-35.15,69.09,2.59
13,armacao dos buzios,,,,,,,
14,hobart,20.0,1562904256.0,61.0,-42.88,147.33,48.2,23.04
15,cayenne,75.0,1562904249.0,100.0,4.94,-52.33,73.4,3.8
16,saint-philippe,90.0,1562903983.0,93.0,45.36,-73.48,68.0,3.36
17,chokurdakh,28.0,1562904256.0,54.0,70.62,147.9,62.34,8.72
18,klaksvik,25.0,1562904257.0,100.0,62.23,-6.59,50.0,9.17
19,nenjiang,99.0,1562904257.0,78.0,49.17,125.23,73.41,5.06
20,nanortalik,100.0,1562904257.0,95.0,60.14,-45.24,38.87,2.08
21,qaanaaq,49.0,1562904257.0,51.0,77.48,-69.36,45.85,9.08
22,camabatela,54.0,1562904258.0,98.0,-8.19,15.37,55.14,2.21
23,saldanha,0.0,1562904258.0,47.0,41.42,-6.55,71.79,3.09
24,soe,40.0,1562904258.0,93.0,57.91,26.05,46.99,3.36
25,ushtobe,0.0,1562904259.0,39.0,45.25,77.98,74.74,20.42
26,ouesso,100.0,1562904259.0,95.0,1.61,16.05,68.01,2.17
27,albany,90.0,1562904068.0,100.0,42.65,-73.75,75.2,4.97
28,tianpeng,100.0,1562904259.0,95.0,28.88,112.34,71.86,4.27
29,bambanglipuro,51.0,1562904260.0,81.0,-7.95,110.28,76.09,12.91
30,lavrentiya,0.0,1562904260.0,31.0,65.58,-170.99,73.16,7.99
31,sao felix do xingu,0.0,1562904261.0,76.0,-6.64,-51.99,70.96,1.77
32,progreso,90.0,1562904261.0,100.0,-34.68,-56.22,55.4,6.93
33,bluff,0.0,1562904261.0,32.0,-23.58,149.07,72.13,2.84
34,sambava,9.0,1562904261.0,96.0,-14.27,50.17,63.33,2.86
35,port alfred,98.0,1562904262.0,78.0,-33.59,26.89,61.0,7.0
36,ushuaia,75.0,1562904262.0,99.0,-54.81,-68.31,39.2,14.99
37,henties bay,0.0,1562904262.0,97.0,-22.12,14.28,51.01,7.92
38,batemans bay,14.0,1562904263.0,66.0,-35.71,150.18,54.0,1.99
39,bredasdorp,96.0,1562903971.0,87.0,-34.53,20.04,55.4,1.12
40,hithadhoo,0.0,1562904263.0,75.0,-0.6,73.08,84.17,10.71
41,puerto ayora,0.0,1562904095.0,93.0,-0.74,-90.35,71.01,4.0
42,kaitangata,100.0,1562904264.0,78.0,-46.28,169.85,48.99,1.99
43,araouane,94.0,1562904264.0,30.0,18.9,-3.53,92.78,11.79
44,busia,100.0,1562904264.0,95.0,0.47,34.09,64.21,3.89
45,provideniya,20.0,1562904136.0,87.0,64.42,-173.23,55.4,13.42
46,castro,90.0,1562904265.0,93.0,-42.48,-73.76,46.4,14.99
47,knysna,90.0,1562904265.0,93.0,-34.04,23.05,53.6,6.93
48,caucaia,75.0,1562904265.0,78.0,-3.73,-38.66,79.0,12.75
49,camana,,,,,,,
50,mar del plata,0.0,1562904266.0,67.0,-46.43,-67.52,40.0,7.07
51,broken hill,40.0,1562904266.0,42.0,-31.97,141.45,62.6,24.16
52,gizo,20.0,1562904267.0,69.0,31.8,34.94,77.0,8.05
53,katangli,100.0,1562904267.0,72.0,51.71,143.23,56.81,5.59
54,pangai,75.0,1562904267.0,94.0,-19.8,-174.35,75.2,10.29
55,attawapiskat,,,,,,,
56,saskylakh,67.0,1562904268.0,46.0,71.97,114.09,58.67,15.08
57,jati,80.0,1562904268.0,61.0,24.35,68.27,87.36,18.37
58,cabedelo,40.0,1562904268.0,100.0,-6.97,-34.84,71.6,4.7
59,kavieng,93.0,1562904269.0,77.0,-2.57,150.8,81.9,18.9
60,khatanga,83.0,1562904213.0,48.0,71.98,102.47,55.78,11.92
61,mataura,100.0,1562904269.0,89.0,-46.19,168.86,48.99,5.1
62,thompson,75.0,1562904269.0,87.0,55.74,-97.86,57.2,3.36
63,pisco,0.0,1562904270.0,87.0,-13.71,-76.2,59.0,4.7
64,bahia de caraquez,0.0,1562904270.0,88.0,-0.6,-80.42,71.6,13.87
65,sahrak,,,,,,,
66,tevaitoa,30.0,1562904270.0,68.0,-16.78,-151.5,78.3,5.03
67,naze,100.0,1562904271.0,97.0,5.43,7.07,71.64,5.86
68,arraial do cabo,0.0,1562904271.0,71.0,-22.97,-42.02,64.98,5.55
69,sept-iles,90.0,1562904271.0,76.0,50.2,-66.38,55.99,10.29
70,punta arenas,90.0,1562904272.0,93.0,-53.16,-70.91,39.2,16.11
71,saint anthony,1.0,1562904272.0,39.0,43.97,-111.68,78.8,5.82
72,sao joao da barra,0.0,1562904039.0,89.0,-21.64,-41.05,59.31,1.83
73,menongue,25.0,1562904272.0,38.0,-14.66,17.68,44.91,2.33
74,cabo san lucas,20.0,1562903977.0,42.0,22.89,-109.91,86.0,14.99
75,seddon,75.0,1562904273.0,50.0,-37.81,144.89,59.0,24.16
76,deer lake,5.0,1562904003.0,100.0,49.18,-57.43,39.2,3.36
77,vengerovo,92.0,1562904273.0,77.0,55.68,76.74,66.96,6.73
78,fort saint james,77.0,1562904274.0,59.0,54.43,-124.25,66.08,4.88
79,cape town,75.0,1562904000.0,87.0,-33.93,18.42,55.0,11.41
80,tuktoyaktuk,90.0,1562904274.0,86.0,69.44,-133.03,37.4,11.41
81,kizukuri,90.0,1562904274.0,93.0,40.81,140.39,69.01,4.7
82,soyo,71.0,1562904007.0,87.0,-6.13,12.37,73.01,11.23
83,nikolskoye,75.0,1562904275.0,81.0,59.7,30.79,52.0,6.71
84,tsaratanana,58.0,1562904275.0,91.0,-16.8,47.65,60.11,6.33
85,malwan,,,,,,,
86,ramanuj ganj,100.0,1562904276.0,70.0,23.81,83.7,83.96,13.06
87,hervey bay,0.0,1562904276.0,20.0,-25.3,152.85,77.0,5.82
88,barcelos,5.0,1562904172.0,96.0,-0.97,-62.93,71.63,1.54
89,kahului,40.0,1562904024.0,58.0,20.89,-156.47,87.8,14.99
90,umzimvubu,,,,,,,
91,talnakh,90.0,1562904277.0,93.0,69.49,88.39,53.6,15.66
92,bereda,75.0,1562904277.0,100.0,43.27,-7.54,62.01,1.12
93,maniitsoq,49.0,1562904277.0,93.0,65.42,-52.9,43.76,6.93
94,jamestown,100.0,1562904278.0,73.0,-33.21,138.6,52.67,20.58
95,fortuna,90.0,1562904278.0,100.0,40.6,-124.16,64.0,9.17
96,east london,0.0,1562904278.0,87.0,-33.02,27.91,57.2,13.87
97,atuona,25.0,1562904279.0,78.0,-9.8,-139.03,80.97,18.72
98,vestmanna,44.0,1562904279.0,100.0,62.16,-7.17,50.0,9.17
99,praia,0.0,1562904279.0,71.0,-20.25,-43.81,55.4,3.36
100,thinadhoo,27.0,1562904280.0,75.0,0.53,72.93,84.13,10.69
101,chuy,100.0,1562904280.0,89.0,-33.69,-53.46,56.52,8.1
102,vilhena,20.0,1562904280.0,60.0,-12.74,-60.15,69.5,1.81
103,bethel,90.0,1562904235.0,88.0,60.79,-161.76,69.8,13.87
104,aklavik,75.0,1562904281.0,57.0,68.22,-135.01,50.0,13.87
105,ponta do sol,0.0,1562904281.0,59.0,-20.63,-46.0,54.33,2.8
106,tashtagol,15.0,1562904281.0,46.0,52.76,87.85,70.62,9.04
107,butaritari,55.0,1562904282.0,75.0,3.07,172.79,85.02,10.38
108,cache creek,1.0,1562904282.0,59.0,50.81,-121.33,75.2,3.36
109,caravelas,94.0,1562904282.0,70.0,-17.73,-39.27,72.63,6.11
110,cockburn town,2.0,1562904098.0,82.0,21.46,-71.14,81.47,17.43
111,vaini,90.0,1562904283.0,94.0,15.34,74.49,73.4,4.7
112,emerald,0.0,1562904283.0,31.0,-23.53,148.16,75.99,5.82
113,tateyama,75.0,1562904283.0,69.0,36.66,137.31,82.0,17.22
114,belushya guba,,,,,,,
115,bowen,0.0,1562904284.0,44.0,-20.01,148.25,78.01,12.75
116,urumqi,,,,,,,
117,alanya,20.0,1562904284.0,83.0,36.55,32.0,69.8,2.24
118,xuddur,100.0,1562904285.0,88.0,4.12,43.89,70.22,13.69
119,vila velha,75.0,1562904285.0,78.0,-3.71,-38.6,79.0,12.75
120,dolores,99.0,1562904286.0,97.0,-33.53,-58.22,60.18,4.12
121,kapaa,20.0,1562904286.0,69.0,22.08,-159.32,82.4,12.75
122,bilibino,66.0,1562904286.0,30.0,68.06,166.44,77.89,8.57
123,hermanus,100.0,1562904287.0,99.0,-34.42,19.24,53.01,13.62
124,busselton,100.0,1562904287.0,50.0,-33.64,115.35,62.01,7.29
125,alpena,90.0,1562904102.0,82.0,45.06,-83.43,63.0,8.05
126,tolu,1.0,1562904287.0,88.0,35.81,-94.5,78.01,6.71
127,iquitos,75.0,1562904105.0,94.0,-3.75,-73.25,75.2,1.12
128,vanimo,97.0,1562904288.0,75.0,-2.67,141.3,80.07,5.66
129,yakeshi,4.0,1562904288.0,43.0,49.28,120.73,78.95,5.19
130,sola,81.0,1562904289.0,69.0,-3.17,33.8,62.28,6.62
131,xining,1.0,1562904037.0,62.0,36.62,101.77,56.0,5.97
132,tulum,75.0,1562904026.0,79.0,20.21,-87.46,84.2,9.17
133,upernavik,67.0,1562904289.0,93.0,72.79,-56.15,43.8,11.14
134,iqaluit,90.0,1562904290.0,93.0,63.75,-68.52,41.0,8.05
135,mys shmidta,,,,,,,
136,ilulissat,0.0,1562904290.0,81.0,69.22,-51.1,44.6,1.12
137,cherskiy,98.0,1562904012.0,30.0,68.75,161.3,83.52,3.11
138,kavaratti,52.0,1562904291.0,82.0,10.57,72.64,82.98,12.28
139,kasongo-lunda,35.0,1562904291.0,64.0,-6.48,16.82,61.55,2.28
140,ascension,,,,,,,
141,port hardy,75.0,1562904291.0,77.0,50.7,-127.42,62.6,8.05
142,bubaque,100.0,1562904292.0,84.0,11.28,-15.83,79.67,6.15
143,flinders,0.0,1562904292.0,45.0,-34.58,150.85,66.99,18.34
144,lolua,,,,,,,
145,tasiilaq,6.0,1562904293.0,93.0,65.61,-37.64,41.0,4.7
146,starosubkhangulovo,81.0,1562904293.0,67.0,53.1,57.43,63.47,6.64
147,nizhneyansk,,,,,,,
148,mayor pablo lagerenza,0.0,1562904293.0,51.0,-19.93,-60.77,75.5,8.66
149,iwase,90.0,1562904294.0,88.0,36.35,140.1,73.99,8.05
150,turukhansk,100.0,1562904294.0,66.0,65.8,87.96,68.71,17.63
151,piacabucu,18.0,1562904294.0,90.0,-10.41,-36.43,73.03,7.87
152,sioux lookout,90.0,1562904294.0,82.0,50.1,-91.92,71.6,2.24
153,bathsheba,20.0,1562904295.0,74.0,13.22,-59.52,82.4,19.46
154,santiago del estero,27.0,1562904295.0,81.0,-27.8,-64.26,63.09,5.68
155,cuencame,99.0,1562904295.0,63.0,24.87,-103.7,69.52,12.66
156,san carlos de bariloche,75.0,1562904296.0,80.0,-41.13,-71.31,39.2,11.41
157,changli,100.0,1562904296.0,76.0,30.54,105.42,77.6,6.15
158,maturin,0.0,1562904029.0,84.0,9.75,-63.18,69.59,3.51
159,jumilla,0.0,1562904297.0,73.0,38.47,-1.33,75.0,1.01
160,torbay,90.0,1562904248.0,100.0,47.66,-52.73,48.0,10.29
161,quelimane,0.0,1562904297.0,96.0,-17.88,36.89,57.62,2.55
162,katsuura,75.0,1562904062.0,54.0,33.93,134.5,84.2,12.75
163,windhoek,0.0,1562904298.0,25.0,-22.57,17.08,51.8,8.05
164,norman wells,40.0,1562904298.0,58.0,65.28,-126.83,57.2,16.11
165,binzhou,28.0,1562904298.0,42.0,37.38,117.96,93.0,3.62
166,baykit,25.0,1562904299.0,35.0,61.68,96.39,65.4,9.37
167,zabaykalsk,58.0,1562904299.0,27.0,49.64,117.33,84.95,9.26
168,tallahassee,1.0,1562904260.0,100.0,30.44,-84.28,79.0,4.34
169,barrow,88.0,1562904299.0,83.0,-38.31,-60.23,47.97,1.32
170,yugo-kamskiy,40.0,1562904300.0,93.0,57.7,55.58,59.0,2.24
171,san patricio,0.0,1562904300.0,72.0,-26.98,-56.83,67.41,9.13
172,brandenburg,1.0,1562904300.0,88.0,38.0,-86.17,80.6,3.53
173,dibai,20.0,1562904300.0,50.0,28.21,78.26,94.09,8.37
174,udachnyy,90.0,1562904301.0,87.0,66.42,112.4,60.8,4.47
175,seoul,75.0,1562904301.0,57.0,37.57,126.98,80.6,4.7
176,kaoma,24.0,1562904301.0,63.0,-14.8,24.8,45.72,5.95
177,kodiak,1.0,1562904302.0,43.0,39.95,-94.76,75.0,3.36
178,illoqqortoormiut,,,,,,,
179,yellowknife,75.0,1562904302.0,72.0,62.45,-114.38,60.8,8.05
180,coquimbo,40.0,1562904302.0,87.0,-29.95,-71.34,50.0,8.05
181,ornskoldsvik,100.0,1562904303.0,87.0,63.29,18.72,50.0,4.7
182,penon blanco,97.0,1562904303.0,56.0,24.79,-104.04,70.89,0.92
183,dingle,73.0,1562904303.0,72.0,11.0,122.67,84.08,5.86
184,san luis,41.0,1562904038.0,84.0,-33.3,-66.34,50.08,8.93
185,hasaki,75.0,1562904304.0,100.0,35.73,140.83,71.01,10.29
186,lagoa,0.0,1562904304.0,88.0,37.14,-8.45,69.8,5.82
187,port elizabeth,75.0,1562904305.0,100.0,39.31,-74.98,73.99,3.36
188,chadan,100.0,1562904305.0,96.0,51.29,91.58,54.69,3.27
189,carlsbad,90.0,1562904305.0,100.0,50.23,12.87,57.99,3.36
190,pokhara,100.0,1562904305.0,92.0,28.21,83.99,59.38,2.59
191,tiksi,99.0,1562904306.0,69.0,71.64,128.87,56.11,12.03
192,tsabong,0.0,1562904306.0,29.0,-26.02,22.4,53.18,7.45
193,altar,33.0,1562904306.0,25.0,30.72,-111.84,95.0,1.99
194,mandalgovi,58.0,1562904307.0,32.0,45.76,106.27,77.17,3.83
195,nantucket,75.0,1562904307.0,88.0,41.28,-70.1,73.4,3.36
196,bonavista,100.0,1562904307.0,81.0,48.65,-53.11,46.99,8.01
197,ahipara,0.0,1562904308.0,84.0,-35.17,173.16,61.1,20.85
198,hovd,75.0,1562904102.0,93.0,63.83,10.7,53.01,1.52
199,banyo,96.0,1562904308.0,96.0,6.75,11.81,62.23,3.98
200,mozelos,0.0,1562904308.0,93.0,41.0,-8.56,66.99,19.06
201,san cristobal,100.0,1562904289.0,83.0,14.68,-86.92,69.16,7.38
202,marsh harbour,100.0,1562904309.0,76.0,26.54,-77.06,84.24,10.54
203,codrington,0.0,1562904309.0,31.0,-28.95,153.24,75.2,12.75
204,saint george,20.0,1562904309.0,88.0,39.45,22.34,62.6,4.7
205,nexo,0.0,1562904310.0,93.0,55.06,15.13,53.6,3.36
206,paka,97.0,1562904310.0,98.0,4.15,15.03,65.04,2.19
207,ostrovnoy,100.0,1562904015.0,98.0,68.05,39.51,40.52,24.61
208,guerrero negro,0.0,1562904239.0,81.0,27.97,-114.04,67.92,21.9
209,kamenka,81.0,1562904171.0,90.0,48.03,28.7,50.0,3.76
210,wadi musa,0.0,1562904311.0,38.0,30.32,35.48,71.01,2.01
211,kruisfontein,21.0,1562904311.0,85.0,-34.0,24.73,53.55,9.64
212,tuatapere,100.0,1562904311.0,89.0,-46.13,167.69,48.99,12.46
213,srednekolymsk,80.0,1562904312.0,31.0,67.46,153.71,84.5,1.28
214,victoria,75.0,1562904312.0,88.0,5.28,115.24,87.8,4.7
215,college,90.0,1562904226.0,39.0,64.86,-147.8,80.6,3.36
216,yulara,100.0,1562904313.0,19.0,-25.24,130.99,69.8,6.93
217,inirida,100.0,1562904313.0,98.0,3.87,-67.92,71.57,2.1
218,sao gabriel da cachoeira,0.0,1562904024.0,94.0,-0.13,-67.09,71.07,0.58
219,price,1.0,1562904314.0,27.0,39.6,-110.81,75.2,6.93
220,brae,81.0,1562904314.0,93.0,60.4,-1.35,51.8,10.29
221,arlit,24.0,1562904314.0,8.0,18.74,7.39,91.08,6.35
222,alugan,100.0,1562904314.0,86.0,12.22,125.48,80.55,1.14
223,pilar,90.0,1562904315.0,100.0,-34.46,-58.91,59.0,3.36
224,zhaodong,20.0,1562904315.0,45.0,46.07,125.99,82.4,4.47
225,yeppoon,8.0,1562904315.0,24.0,-23.13,150.74,78.8,3.36
226,sentyabrskiy,,,,,,,
227,kattivakkam,75.0,1562904316.0,66.0,13.22,80.32,87.8,11.41
228,neryungri,36.0,1562904078.0,49.0,56.66,124.71,75.13,4.92
229,azrow,,,,,,,
230,bad aibling,34.0,1562904316.0,100.0,47.86,12.01,57.2,1.12
231,souillac,0.0,1562904317.0,88.0,45.6,-0.6,66.99,7.29
232,auki,100.0,1562904317.0,90.0,12.18,6.51,72.04,14.05
233,san felipe,69.0,1562904038.0,99.0,-32.75,-70.73,44.01,0.27
234,miles city,20.0,1562904127.0,47.0,46.41,-105.84,78.8,5.82
235,virginia beach,90.0,1562904206.0,100.0,36.85,-75.98,75.2,5.82
236,tabory,99.0,1562904318.0,82.0,53.89,19.53,55.0,6.76
237,durazno,92.0,1562904318.0,93.0,-33.38,-56.52,61.55,7.61
238,santa catalina,100.0,1562904319.0,96.0,-33.79,-57.49,57.0,1.01
239,mackay,20.0,1562904319.0,52.0,53.65,-115.58,69.8,3.36
240,buenaventura,80.0,1562904319.0,80.0,3.89,-77.07,80.28,5.99
241,shenjiamen,83.0,1562904319.0,92.0,29.96,122.3,76.59,13.94
242,hilo,75.0,1562904320.0,65.0,19.71,-155.08,80.6,5.82
243,redlands,1.0,1562904320.0,44.0,34.06,-117.19,86.0,5.82
244,najran,0.0,1562904320.0,21.0,17.54,44.22,89.6,8.05
245,ketchikan,90.0,1562904320.0,87.0,55.34,-131.65,60.8,13.87
246,avarua,75.0,1562904304.0,83.0,-21.21,-159.78,73.4,4.7
247,sitka,59.0,1562904315.0,67.0,37.17,-99.65,73.99,5.99
248,labuhan,0.0,1562904321.0,52.0,-2.54,115.51,89.61,1.57
249,loa janan,9.0,1562904321.0,81.0,-0.58,117.09,82.37,4.65
250,pevek,73.0,1562904322.0,72.0,69.7,170.27,48.32,3.36
251,georgiyevka,0.0,1562904322.0,90.0,52.25,40.45,54.96,4.25
252,crabtree,90.0,1562904322.0,93.0,45.96,-73.47,66.99,3.36
253,kaya,100.0,1562904323.0,60.0,13.31,12.68,80.46,14.05
254,marcona,,,,,,,
255,fort nelson,75.0,1562904323.0,36.0,58.81,-122.69,78.8,2.24
256,isangel,90.0,1562904324.0,73.0,-19.55,169.27,77.0,9.17
257,petropavlovsk-kamchatskiy,75.0,1562904324.0,93.0,53.05,158.65,53.6,13.42
258,alice town,49.0,1562904324.0,71.0,25.72,-79.3,85.13,9.73
259,iskateley,81.0,1562904325.0,76.0,67.68,53.15,49.47,14.74
260,tarko-sale,56.0,1562904325.0,53.0,64.92,77.78,78.01,21.05
261,zyryanka,57.0,1562904325.0,35.0,65.73,150.89,84.24,10.11
262,saint-pierre,0.0,1562904326.0,67.0,48.95,4.24,66.2,5.82
263,mutsamudu,,,,,,,
264,whitehorse,75.0,1562904326.0,46.0,60.72,-135.06,73.0,9.17
265,lake city,1.0,1562904145.0,31.0,38.03,-107.32,68.0,4.7
266,makakilo city,40.0,1562904326.0,58.0,21.35,-158.09,84.99,17.22
267,westpunt,,,,,,,
268,bandarbeyla,100.0,1562904097.0,56.0,9.49,50.81,80.37,25.86
269,mandera,88.0,1562904327.0,74.0,3.94,41.86,74.43,7.29
270,faanui,7.0,1562904327.0,69.0,-16.48,-151.75,78.27,5.59
271,esperance,90.0,1562904328.0,76.0,-33.86,121.89,57.2,16.11
272,inuvik,75.0,1562904328.0,57.0,68.36,-133.71,50.0,13.87
273,lokosovo,32.0,1562904328.0,68.0,61.13,74.84,71.88,10.13
274,svobodnyy,3.0,1562904329.0,97.0,53.85,40.53,55.99,0.54
275,acajutla,98.0,1562904303.0,73.0,13.59,-89.83,84.03,4.74
276,srandakan,51.0,1562904329.0,81.0,-7.94,110.25,76.09,12.91
277,vitimskiy,,,,,,,
278,hambantota,40.0,1562904330.0,84.0,6.12,81.12,86.0,14.99
279,minden,1.0,1562904330.0,83.0,40.5,-98.95,75.2,8.05
280,bilma,14.0,1562904330.0,36.0,18.69,12.92,87.07,14.43
281,aykhal,90.0,1562904331.0,87.0,65.95,111.51,60.8,4.47
282,seversk,0.0,1562904331.0,52.0,56.6,84.88,71.01,11.18
283,paris,0.0,1562904116.0,72.0,48.86,2.35,63.0,3.36
284,douglas,90.0,1562904331.0,82.0,58.28,-134.39,63.0,3.36
285,waddan,0.0,1562904332.0,31.0,29.16,16.14,81.13,5.08
286,limoeiro do ajuru,27.0,1562904332.0,97.0,-1.9,-49.38,72.27,2.57
287,berdigestyakh,0.0,1562904332.0,37.0,62.1,126.7,85.41,2.44
288,kushiro,75.0,1562904332.0,82.0,43.11,144.15,60.8,12.75
289,georgetown,40.0,1562904333.0,100.0,6.8,-58.16,75.2,2.24
290,nordfjordeid,90.0,1562904333.0,100.0,61.91,5.99,54.0,1.12
291,pangnirtung,100.0,1562904334.0,46.0,66.15,-65.72,57.87,5.59
292,asau,,,,,,,
293,corinto,75.0,1562904335.0,69.0,3.17,-76.26,75.2,10.29
294,misratah,0.0,1562904335.0,80.0,32.38,15.09,78.68,1.03
295,slave lake,1.0,1562904335.0,77.0,55.28,-114.77,64.4,4.36
296,bronnoysund,95.0,1562904336.0,87.0,65.46,12.2,51.8,3.36
297,devils lake,1.0,1562904336.0,100.0,48.11,-98.87,77.0,6.93
298,laguna,40.0,1562904336.0,88.0,16.17,-88.94,78.8,2.15
299,north bend,90.0,1562904337.0,93.0,43.41,-124.22,62.01,8.05
300,laranjeiras do sul,0.0,1562904073.0,90.0,-25.41,-52.42,55.21,3.78
301,coromandel,0.0,1562904337.0,58.0,-18.47,-47.2,57.53,3.62
302,okhotsk,54.0,1562904337.0,61.0,59.36,143.24,70.2,10.65
303,daram,100.0,1562904338.0,93.0,10.2,14.42,70.53,6.82
304,mana,100.0,1562904338.0,70.0,13.03,5.27,79.4,19.01
305,homer,1.0,1562904279.0,63.0,59.64,-151.54,68.0,9.17
306,kilindoni,53.0,1562904338.0,79.0,-7.91,39.67,77.01,18.21
307,luanda,75.0,1562904186.0,94.0,-8.83,13.24,69.8,4.7
308,karpogory,0.0,1562904339.0,80.0,64.0,44.44,43.96,6.76
309,tazovskiy,26.0,1562904339.0,79.0,67.47,78.7,59.75,18.92
310,vagur,100.0,1562904340.0,90.0,61.47,-6.81,50.85,10.56
311,kingaroy,0.0,1562904340.0,26.0,-26.54,151.84,73.99,12.75
312,chicama,40.0,1562904340.0,93.0,-7.84,-79.15,62.6,5.82
313,santa fe,100.0,1562904341.0,81.0,-31.62,-60.7,64.99,1.99
314,antsohihy,16.0,1562904341.0,72.0,-14.88,47.99,72.13,18.19
315,leh,47.0,1562904341.0,46.0,34.16,77.58,44.1,3.67
316,la asuncion,100.0,1562904341.0,88.0,-26.05,-65.39,50.26,2.17
317,aguimes,20.0,1562904342.0,73.0,27.91,-15.45,69.8,11.41
318,lompoc,90.0,1562904342.0,100.0,34.64,-120.46,64.99,12.75
319,ribeira grande,0.0,1562904342.0,78.0,38.52,-28.7,70.91,4.92
320,nizhnevartovsk,0.0,1562904343.0,77.0,60.93,76.58,69.8,6.71
321,port shepstone,0.0,1562904280.0,42.0,-30.74,30.45,55.61,6.58
322,xichang,100.0,1562904343.0,96.0,27.88,102.25,57.86,2.28
323,grand river south east,,,,,,,
324,cabra,0.0,1562904344.0,69.0,37.47,-4.43,73.99,2.24
325,houma,100.0,1562904344.0,47.0,35.63,111.36,81.96,5.57
326,aquiraz,75.0,1562904344.0,78.0,-3.9,-38.39,79.0,12.75
327,goderich,9.0,1562904344.0,86.0,43.74,-81.71,63.0,17.0
328,rosenberg,1.0,1562904345.0,88.0,29.56,-95.81,91.0,5.35
329,tessalit,56.0,1562904345.0,31.0,20.2,1.01,87.99,9.35
330,kieta,100.0,1562904345.0,75.0,-6.22,155.63,81.87,2.26
331,agarak,0.0,1562904346.0,55.0,38.87,46.2,68.3,0.6
332,simplicio mendes,0.0,1562904346.0,69.0,-7.85,-41.91,71.72,5.53
333,polunochnoye,0.0,1562904346.0,71.0,60.87,60.43,60.66,4.29
334,takoradi,99.0,1562904347.0,93.0,4.89,-1.75,72.47,4.52
335,vardo,40.0,1562904347.0,94.0,39.62,-77.74,71.6,4.7
336,koutiala,3.0,1562904347.0,65.0,12.39,-5.46,79.73,9.15
337,kaeo,35.0,1562904347.0,88.0,-35.1,173.78,62.01,5.01
338,dongzhen,100.0,1562904348.0,73.0,43.33,129.73,72.0,0.89
339,rennes,90.0,1562904348.0,88.0,48.11,-1.68,63.0,4.7
340,benalmadena,0.0,1562904348.0,60.0,36.6,-4.57,75.99,4.7
341,xiuyan,17.0,1562904349.0,70.0,40.29,123.27,75.62,5.48
342,nome,1.0,1562904312.0,94.0,30.04,-94.42,84.99,3.36
343,opuwo,0.0,1562904349.0,56.0,-18.06,13.84,48.01,2.48
344,glyadyanskoye,30.0,1562904350.0,74.0,54.91,65.09,73.97,6.17
345,cidreira,100.0,1562904350.0,73.0,-30.17,-50.22,61.15,8.93
346,acapulco,75.0,1562904334.0,79.0,16.86,-99.88,84.2,3.27
347,maloyaz,,,,,,,
348,constitucion,90.0,1562904350.0,82.0,23.99,-104.67,60.8,4.7
349,sterling,75.0,1562904090.0,94.0,39.0,-77.4,72.0,5.97
350,griffith,75.0,1562904351.0,71.0,-34.29,146.06,57.2,17.22
351,mercedes,99.0,1562904351.0,97.0,-33.25,-58.03,60.18,4.12
352,tura,82.0,1562904327.0,61.0,64.27,100.22,63.29,12.59
353,luba,0.0,1562904352.0,66.0,17.32,120.7,87.12,4.9
354,rocha,100.0,1562904352.0,93.0,-34.48,-54.34,54.99,6.96
355,airai,6.0,1562904352.0,41.0,-8.93,125.41,84.46,1.16
356,ampanihy,11.0,1562904353.0,92.0,-24.69,44.75,58.02,4.09
357,goundam,10.0,1562904353.0,37.0,16.42,-3.66,91.5,6.91
358,dolbeau,,,,,,,
359,olafsvik,,,,,,,
360,daru,37.0,1562904354.0,61.0,-9.07,143.21,80.14,11.7
361,inhambane,0.0,1562904354.0,89.0,-23.87,35.38,57.37,3.83
362,clarence town,0.0,1562904354.0,40.0,-32.59,151.78,68.0,17.22
363,hecun,100.0,1562904355.0,97.0,29.94,119.31,69.32,2.17
364,hinton,98.0,1562904212.0,61.0,53.4,-117.57,57.75,0.98
365,ambodifototra,,,,,,,
366,cap malheureux,20.0,1562904355.0,82.0,-19.98,57.61,70.0,8.05
367,lucapa,0.0,1562904356.0,36.0,-8.42,20.74,60.21,4.85
368,baudh,100.0,1562904356.0,75.0,20.84,84.32,82.86,9.28
369,bengkulu,,,,,,,
370,clonakilty,75.0,1562904356.0,82.0,51.62,-8.87,57.2,11.41
371,sabinas hidalgo,74.0,1562904357.0,78.0,26.51,-100.18,72.29,3.18
372,tokmak,9.0,1562904357.0,76.0,47.26,35.7,57.71,2.93
373,pitimbu,40.0,1562904357.0,100.0,-7.47,-34.81,71.6,4.7
374,kamenskoye,,,,,,,
375,puerto escondido,100.0,1562904357.0,81.0,15.86,-97.07,78.79,1.03
376,duldurga,75.0,1562904358.0,37.0,50.67,113.59,78.97,3.65
377,cody,1.0,1562904256.0,30.0,44.53,-109.06,80.6,10.29
378,puerto colombia,0.0,1562904358.0,78.0,10.99,-74.96,82.4,11.41
379,marzuq,50.0,1562904358.0,38.0,14.4,46.47,77.89,5.64
380,sungaipenuh,0.0,1562904359.0,58.0,-2.08,101.38,84.73,3.24
381,roebourne,0.0,1562904359.0,17.0,-20.77,117.15,82.23,20.09
382,taurage,35.0,1562904359.0,98.0,55.25,22.29,47.54,4.36
383,mahebourg,20.0,1562904360.0,82.0,-20.41,57.7,70.0,8.05
384,vestmannaeyjar,100.0,1562904360.0,90.0,63.44,-20.27,52.58,8.63
385,palana,19.0,1562904360.0,74.0,59.08,159.95,57.41,10.04
386,khash,0.0,1562904361.0,21.0,28.22,61.21,79.74,5.12
387,romitan,0.0,1562904361.0,33.0,39.93,64.38,89.6,6.93
388,jensen beach,1.0,1562904361.0,78.0,27.25,-80.23,84.0,4.85
389,benguela,38.0,1562904361.0,83.0,-12.58,13.4,68.33,4.85
390,longyearbyen,75.0,1562904362.0,87.0,78.22,15.63,42.8,17.22
391,davila,20.0,1562904362.0,70.0,18.47,120.58,87.8,6.93
392,zambrow,95.0,1562904362.0,77.0,52.99,22.24,59.0,6.69
393,gorno-chuyskiy,,,,,,,
394,tahta,,,,,,,
395,kinshasa,75.0,1562904263.0,88.0,-4.32,15.31,71.6,2.24
396,roald,20.0,1562904363.0,87.0,62.58,6.12,52.0,16.11
397,imeni zhelyabova,0.0,1562904363.0,83.0,58.95,36.6,44.16,1.77
398,komsomolskiy,100.0,1562904354.0,92.0,67.55,63.78,54.87,16.08
399,oranjemund,0.0,1562904105.0,87.0,-28.55,16.43,55.12,12.62
400,axim,99.0,1562904364.0,89.0,4.87,-2.24,75.03,9.82
401,gallup,1.0,1562904195.0,25.0,35.53,-108.74,73.4,6.93
402,tampere,0.0,1562904365.0,76.0,61.5,23.76,51.8,1.12
403,erenhot,93.0,1562904365.0,30.0,43.65,111.97,79.46,5.08
404,anadyr,0.0,1562904365.0,49.0,64.73,177.51,69.8,8.95
405,port lincoln,100.0,1562904365.0,70.0,-34.72,135.86,55.7,31.14
406,zhetybay,,,,,,,
407,yarkovo,0.0,1562904366.0,46.0,54.81,82.6,71.6,11.18
408,marawi,94.0,1562904366.0,79.0,8.0,124.29,84.0,5.01
409,malanje,45.0,1562904367.0,93.0,-9.54,16.35,55.98,2.33
410,palmer,75.0,1562904367.0,93.0,-34.85,139.16,57.0,19.46
411,geylegphug,,,,,,,
412,tumannyy,,,,,,,
413,newburn,0.0,1562904368.0,100.0,54.98,-1.74,57.2,5.82
414,santa isabel do rio negro,26.0,1562904368.0,96.0,-0.41,-65.02,71.18,1.19
415,surt,3.0,1562904368.0,86.0,31.21,16.59,78.59,2.64
416,carnarvon,0.0,1562904369.0,39.0,-30.97,22.13,44.34,2.53
417,robertsport,96.0,1562904369.0,88.0,6.75,-11.37,75.5,8.41
418,walvis bay,90.0,1562904369.0,93.0,-22.95,14.51,55.4,3.36
419,sobolevo,100.0,1562904369.0,94.0,54.43,31.9,48.75,3.24
420,szamotuly,0.0,1562904370.0,87.0,52.61,16.58,57.99,3.36
421,saveh,0.0,1562904370.0,20.0,35.02,50.36,79.02,8.59
422,deputatskiy,74.0,1562904370.0,41.0,69.3,139.9,72.54,10.29
423,samusu,,,,,,,
424,taksimo,55.0,1562904371.0,32.0,56.36,114.84,77.13,5.39
425,talara,0.0,1562904371.0,88.0,-4.58,-81.27,65.42,18.32
426,nizhniy kuranakh,9.0,1562904371.0,54.0,58.84,125.49,77.37,5.17
427,kuche,,,,,,,
428,mount isa,66.0,1562904372.0,17.0,-20.73,139.49,75.2,10.29
429,shubarshi,0.0,1562904252.0,32.0,48.59,57.19,83.94,8.97
430,ubinskoye,84.0,1562904372.0,69.0,55.31,79.68,65.04,7.7
431,kajaani,0.0,1562904372.0,66.0,64.22,27.73,50.0,10.29
432,winnemucca,1.0,1562904373.0,18.0,40.97,-117.74,87.8,10.29
433,ugoofaaru,100.0,1562904373.0,70.0,5.67,73.0,83.76,7.38
434,westport,90.0,1562904316.0,100.0,41.14,-73.36,73.99,6.93
435,manavalakurichi,20.0,1562904373.0,78.0,8.13,77.3,82.4,6.93
436,geraldton,20.0,1562904374.0,82.0,49.72,-86.95,59.0,5.19
437,faya,40.0,1562904374.0,56.0,18.39,42.45,71.6,3.85
438,yar-sale,97.0,1562904374.0,74.0,66.83,70.83,62.98,15.79
439,rawson,0.0,1562904348.0,50.0,-43.3,-65.11,44.73,6.38
440,mhango,81.0,1562904375.0,69.0,-2.75,33.92,62.28,6.62
441,honningsvag,0.0,1562904375.0,70.0,70.98,25.97,48.2,2.24
442,avera,1.0,1562904375.0,94.0,33.19,-82.53,80.6,4.9
443,suoyarvi,100.0,1562904375.0,88.0,62.08,32.35,42.72,6.51
444,leningradskiy,67.0,1562904376.0,64.0,69.38,178.42,53.86,10.07
445,fort wellington,0.0,1562904376.0,91.0,6.4,-57.6,73.16,1.63
446,salamanca,90.0,1562904376.0,88.0,20.57,-101.19,68.0,16.11
447,flin flon,64.0,1562904377.0,87.0,54.77,-101.88,55.57,2.28
448,luderitz,0.0,1562904377.0,84.0,-26.65,15.16,55.28,12.77
449,moranbah,35.0,1562904377.0,29.0,-22.0,148.04,72.9,8.34
450,salalah,90.0,1562904378.0,100.0,17.01,54.1,78.8,4.7
451,kikwit,90.0,1562904378.0,59.0,-5.04,18.82,70.46,2.1
452,iranshahr,20.0,1562904378.0,32.0,27.21,60.69,93.2,6.93
453,jurm,0.0,1562904379.0,24.0,36.86,70.83,74.07,1.28
454,kalmunai,4.0,1562904379.0,60.0,7.42,81.82,87.12,1.72
455,beroroha,0.0,1562904379.0,85.0,-21.68,45.17,56.99,4.43
456,smithers,75.0,1562904380.0,60.0,54.78,-127.17,68.0,11.41
457,conde,21.0,1562904380.0,97.0,-11.81,-37.61,65.09,2.24
458,okato,100.0,1562904380.0,90.0,-39.19,173.88,54.0,1.99
459,ust-uda,100.0,1562904380.0,58.0,54.17,103.03,69.54,10.69
460,portland,90.0,1562904098.0,93.0,43.66,-70.25,68.0,4.7
461,batticaloa,4.0,1562904106.0,60.0,7.71,81.69,87.12,1.72
462,saint-francois,0.0,1562904381.0,82.0,46.42,3.91,59.0,2.24
463,parnarama,55.0,1562904381.0,63.0,-5.68,-43.09,76.65,3.74
464,vila franca do campo,20.0,1562904382.0,88.0,37.72,-25.43,68.0,5.82
465,penzance,33.0,1562904382.0,93.0,50.12,-5.53,64.99,10.29
466,khagrachari,,,,,,,
467,charters towers,0.0,1562904334.0,36.0,-20.07,146.27,73.07,9.53
468,roma,0.0,1562904314.0,77.0,41.89,12.48,72.0,4.7
469,martapura,0.0,1562904383.0,66.0,-3.41,114.85,84.71,9.71
470,torbeyevo,0.0,1562904383.0,91.0,54.07,43.25,54.8,4.92
471,massakory,98.0,1562904383.0,71.0,13.0,15.73,77.69,6.85
472,barentsburg,,,,,,,
473,ancud,90.0,1562904384.0,93.0,-41.87,-73.83,46.4,14.99
474,meiganga,100.0,1562904384.0,98.0,6.52,14.29,63.6,1.88
475,mamallapuram,75.0,1562904384.0,66.0,12.63,80.17,87.8,11.41
476,syracuse,90.0,1562904385.0,94.0,43.05,-76.15,73.99,8.05
477,gilazi,,,,,,,
478,beyneu,0.0,1562904385.0,23.0,45.32,55.19,90.06,9.53
479,muhos,0.0,1562904385.0,58.0,64.81,26.0,53.6,3.36
480,severo-kurilsk,100.0,1562904386.0,96.0,50.68,156.12,43.58,7.16
481,drochtersen,100.0,1562904386.0,100.0,53.71,9.39,60.01,2.24
482,campbeltown,26.0,1562904386.0,100.0,55.43,-5.61,57.2,10.29
483,porto novo,0.0,1562904386.0,100.0,-23.68,-45.44,50.0,2.24
484,amderma,,,,,,,
485,padang,0.0,1562904333.0,74.0,-0.92,100.36,82.08,3.94
486,marsberg,0.0,1562904387.0,93.0,51.45,8.86,59.0,1.12
487,ust-nera,62.0,1562904387.0,41.0,64.57,143.24,71.57,8.14
488,yomou,93.0,1562904388.0,98.0,7.57,-9.26,69.3,2.01
489,chumikan,95.0,1562904361.0,76.0,54.72,135.31,60.52,5.57
490,husavik,20.0,1562904388.0,79.0,50.56,-96.99,69.01,10.98
491,strezhevoy,0.0,1562904388.0,77.0,60.73,77.6,69.8,6.71
492,krechevitsy,9.0,1562904389.0,79.0,58.62,31.4,44.63,3.47
493,palabuhanratu,,,,,,,
494,labutta,,,,,,,
495,coffs harbour,0.0,1562904389.0,43.0,-30.3,153.13,75.0,8.05
496,egvekinot,9.0,1562904390.0,26.0,66.32,-179.17,78.86,10.65
497,tatarskaya pishlya,12.0,1562904390.0,90.0,54.06,44.9,55.86,5.55
498,mogadishu,98.0,1562904151.0,90.0,2.04,45.34,74.81,7.92
499,esqueda,100.0,1562904390.0,47.0,30.72,-109.59,73.25,4.72
500,atambua,0.0,1562904391.0,70.0,-9.11,124.89,76.93,10.87
501,bozdar,0.0,1562904391.0,52.0,27.18,68.64,91.05,16.4
502,los llanos de aridane,10.0,1562904368.0,68.0,28.66,-17.92,68.0,5.82
503,banjar,90.0,1562904391.0,70.0,-7.37,108.54,78.38,3.15
504,tafresh,0.0,1562904392.0,20.0,34.69,50.01,79.02,8.59
505,tabou,83.0,1562904314.0,85.0,4.42,-7.36,73.12,2.55
506,dunedin,100.0,1562904392.0,76.0,-45.87,170.5,48.99,11.01
507,ewa beach,40.0,1562904193.0,58.0,21.32,-158.01,84.99,17.22
508,tsihombe,,,,,,,
509,baruun-urt,100.0,1562904393.0,46.0,46.68,113.28,70.67,6.15
510,ayagoz,0.0,1562904393.0,59.0,47.96,80.43,64.82,21.74
511,camacha,40.0,1562904393.0,82.0,33.08,-16.33,68.0,13.87
512,prince george,75.0,1562904167.0,63.0,53.92,-122.75,66.2,6.93
513,augusto correa,9.0,1562904394.0,98.0,-1.02,-46.63,71.72,2.57
514,sinnamary,2.0,1562904394.0,81.0,5.38,-52.96,80.3,14.88
515,oliver,75.0,1562904394.0,53.0,49.18,-119.55,73.4,6.93
516,monroe,40.0,1562904395.0,94.0,41.91,-83.4,77.0,3.36
517,atar,5.0,1562904395.0,28.0,20.52,-13.05,84.03,1.36
518,lamu,0.0,1562904395.0,57.0,35.77,102.37,59.48,1.81
519,skelleftea,1.0,1562904339.0,81.0,64.75,20.95,50.0,3.36
520,beringovskiy,0.0,1562904396.0,51.0,63.05,179.32,69.02,5.66
521,grindavik,75.0,1562904396.0,100.0,63.84,-22.43,55.0,2.24
522,jabinyanah,0.0,1562904396.0,74.0,35.03,10.91,78.8,5.82
523,celestun,100.0,1562904397.0,79.0,20.87,-90.4,82.52,11.72
524,yingkou,40.0,1562904397.0,71.0,40.67,122.24,79.67,11.56
525,paita,0.0,1562904397.0,90.0,-5.09,-81.11,64.08,15.41
526,kostroma,0.0,1562904397.0,93.0,57.77,40.93,48.2,4.47
527,lerwick,81.0,1562904398.0,87.0,60.15,-1.15,51.8,11.41
528,pauini,6.0,1562904398.0,86.0,-7.71,-67.0,73.3,2.15
529,bajo baudo,,,,,,,
530,port keats,48.0,1562904398.0,38.0,-14.25,129.55,83.78,10.65
531,mitsamiouli,20.0,1562904399.0,78.0,-11.38,43.28,71.6,5.82
532,skjervoy,0.0,1562904399.0,79.0,70.03,20.97,47.49,0.96
533,chateauroux,0.0,1562904399.0,77.0,43.72,0.65,66.2,4.7
534,atbasar,32.0,1562904400.0,47.0,51.81,68.36,73.33,14.18
535,rabo de peixe,20.0,1562904391.0,88.0,37.8,-25.58,68.0,5.82
536,bonthe,67.0,1562904400.0,90.0,7.53,-12.5,75.53,7.67
537,puerto leguizamo,100.0,1562904400.0,84.0,-0.19,-74.78,73.16,1.97
538,carballo,75.0,1562904401.0,100.0,43.21,-8.69,64.0,1.12
539,tunduru,,,,,,,
540,tir pol,,,,,,,
541,abha,40.0,1562904401.0,56.0,18.22,42.5,71.6,8.68
542,urdoma,91.0,1562904402.0,79.0,61.74,48.55,48.26,2.01
543,mayo,90.0,1562904402.0,67.0,63.59,-135.9,62.6,8.05
544,pokaran,0.0,1562904402.0,59.0,26.93,71.92,85.88,27.4
545,pedernales,99.0,1562904403.0,87.0,0.07,-80.05,74.43,19.06
546,tasbuget,,,,,,,
547,thisted,94.0,1562904403.0,3.0,56.96,8.68,60.01,4.47
548,kedougou,100.0,1562904404.0,94.0,12.56,-12.19,73.37,6.11
549,vuktyl,1.0,1562904404.0,76.0,63.86,57.31,51.95,5.19
550,vostok,100.0,1562904404.0,35.0,46.45,135.83,81.88,3.36
551,poya,15.0,1562904405.0,75.0,-21.35,165.16,70.56,19.53
552,hope,1.0,1562904405.0,78.0,33.67,-93.59,82.0,3.36
553,wanning,75.0,1562904405.0,100.0,48.64,13.53,59.0,6.93
554,villa maria,40.0,1562904405.0,67.0,4.5,-74.09,73.4,5.82
555,santona,0.0,1562904406.0,93.0,43.44,-3.46,64.0,1.12
556,megion,0.0,1562904406.0,77.0,61.04,76.11,69.8,6.71
557,shintomi,75.0,1562904406.0,52.0,32.08,131.47,87.8,14.99
558,biak,100.0,1562904407.0,98.0,-0.91,122.88,63.53,5.41
559,maarianhamina,,,,,,,
560,russell,1.0,1562904407.0,64.0,38.9,-98.86,77.0,8.05
561,mehamn,0.0,1562904408.0,70.0,71.03,27.85,48.2,2.24
562,alyangula,99.0,1562904408.0,51.0,-13.85,136.42,82.4,9.17
563,lucena,21.0,1562904408.0,53.0,13.93,121.61,89.48,3.8
564,tigil,12.0,1562904409.0,61.0,57.8,158.67,69.84,11.5
565,half moon bay,5.0,1562904409.0,72.0,37.46,-122.43,66.99,8.05
566,chapais,90.0,1562904409.0,93.0,49.78,-74.86,64.4,8.05
567,mirandopolis,0.0,1562904410.0,57.0,-21.13,-51.1,62.98,7.18
568,nouakchott,0.0,1562904410.0,78.0,18.08,-15.98,75.2,11.41
569,kondinskoye,90.0,1562904410.0,73.0,59.65,67.41,66.08,4.09
570,yeniseysk,3.0,1562904410.0,39.0,58.45,92.17,72.42,2.48
571,pacific grove,75.0,1562904411.0,72.0,36.62,-121.92,72.0,8.05
572,conceicao do araguaia,9.0,1562904238.0,59.0,-8.26,-49.26,73.23,1.72
573,paamiut,6.0,1562904411.0,91.0,61.99,-49.67,42.57,8.99
574,karacakoy,40.0,1562904411.0,87.0,41.4,28.38,66.0,4.7
575,okakarara,0.0,1562904412.0,33.0,-20.59,17.46,47.52,7.99
576,kuala pilah,75.0,1562904412.0,66.0,2.74,102.25,87.8,5.82
577,maniwaki,0.0,1562904412.0,97.0,46.38,-75.98,64.41,4.65
578,luau,0.0,1562904401.0,40.0,-10.7,22.23,54.62,2.77
579,berlevag,0.0,1562904413.0,70.0,70.86,29.09,48.2,2.24
580,narsaq,0.0,1562904413.0,75.0,60.91,-46.05,46.4,3.36
581,naftah,,,,,,,
582,petawawa,75.0,1562904414.0,88.0,45.89,-77.27,68.0,3.36
583,cam ranh,20.0,1562904414.0,52.0,11.92,109.15,93.2,8.05
584,kenai,90.0,1562904414.0,82.0,60.55,-151.26,63.0,11.41
585,ribeira brava,20.0,1562904415.0,72.0,32.65,-17.07,68.0,5.82
586,payo,64.0,1562904415.0,53.0,-3.75,103.64,79.74,3.51
587,swan hill,54.0,1562904416.0,61.0,-35.34,143.56,58.61,20.78
588,nawa,40.0,1562904416.0,64.0,27.02,75.0,83.68,18.43
589,tsienyane,,,,,,,
590,halifax,90.0,1562904397.0,72.0,44.65,-63.58,62.01,11.41
591,hobyo,38.0,1562904419.0,76.0,5.35,48.53,76.9,16.31
592,ardakan,40.0,1562904419.0,15.0,32.31,54.02,91.4,6.93
593,san quintin,0.0,1562904419.0,66.0,17.54,120.52,87.12,4.9
594,vozuca,0.0,1562904420.0,100.0,44.36,18.36,48.2,1.12
595,negombo,40.0,1562904420.0,79.0,7.21,79.83,86.0,4.7
596,moose factory,1.0,1562904420.0,87.0,51.26,-80.61,46.4,3.36
597,la ronge,75.0,1562904420.0,87.0,55.1,-105.3,55.4,3.27
598,nelson bay,0.0,1562904421.0,40.0,-32.72,152.14,68.0,17.22
599,tuim,4.0,1562904421.0,62.0,54.34,89.93,62.27,5.19
600,kangaatsiaq,0.0,1562904421.0,84.0,68.31,-53.46,44.63,6.93
601,oussouye,40.0,1562904422.0,83.0,12.49,-16.54,80.6,4.7
602,huarmey,21.0,1562904385.0,90.0,-10.07,-78.15,62.95,15.93
603,muros,20.0,1562904422.0,100.0,42.77,-9.06,69.01,19.44
604,bitkine,100.0,1562904422.0,81.0,11.98,18.21,73.1,4.72
605,roros,0.0,1562904423.0,100.0,62.57,11.38,39.2,4.36
606,chernyshevskiy,100.0,1562904423.0,94.0,63.01,112.47,60.59,3.33
607,lac du bonnet,1.0,1562904423.0,88.0,50.25,-96.06,69.01,11.05
608,itaituba,0.0,1562904424.0,74.0,-4.26,-55.99,73.62,2.21
609,shilka,19.0,1562904424.0,34.0,51.85,116.03,83.65,4.47
610,cehegin,0.0,1562904424.0,65.0,38.09,-1.8,75.0,1.99
611,bargal,,,,,,,
612,porto belo,0.0,1562904425.0,93.0,-27.15,-48.54,57.2,6.93
613,grand centre,,,,,,,
614,hami,100.0,1562904426.0,26.0,42.84,93.51,79.85,9.62
615,bollene,0.0,1562904426.0,43.0,44.28,4.75,73.4,5.82
616,linxia,0.0,1562904426.0,49.0,35.6,103.21,64.61,4.81
617,ormara,79.0,1562904427.0,65.0,25.21,64.64,84.08,4.7
618,bukama,46.0,1562904424.0,43.0,-9.2,25.85,61.08,3.47
619,salta,0.0,1562904414.0,87.0,-24.79,-65.41,53.6,4.7
620,te anau,100.0,1562904321.0,82.0,-45.41,167.72,44.75,3.87
621,waingapu,65.0,1562904428.0,57.0,-9.65,120.26,79.6,15.32
622,hwange,0.0,1562904428.0,56.0,-18.35,26.5,47.58,3.0
623,yertarskiy,16.0,1562904428.0,61.0,56.79,64.3,68.55,2.95
624,port hedland,0.0,1562904429.0,13.0,-20.31,118.58,84.2,23.04
625,sri aman,75.0,1562904429.0,83.0,1.24,111.46,80.6,1.12
626,emborion,77.0,1562904429.0,67.0,40.48,21.55,63.0,5.82
627,coihaique,100.0,1562904429.0,98.0,-45.58,-72.07,33.8,2.28
628,longkou,0.0,1562904430.0,69.0,37.64,120.47,79.11,5.39
629,moree,0.0,1562904140.0,39.0,-29.46,149.84,66.2,11.41
630,high level,40.0,1562904430.0,26.0,58.52,-117.13,78.8,2.24
631,pombal,76.0,1562904431.0,80.0,-6.77,-37.8,71.97,5.95
632,vila do maio,40.0,1562904431.0,78.0,15.13,-23.22,73.4,6.93
633,guarapari,0.0,1562904431.0,93.0,-20.67,-40.5,64.0,3.36
634,ust-ilimsk,100.0,1562904432.0,42.0,57.96,102.73,70.22,5.23
635,gigmoto,100.0,1562904432.0,68.0,13.78,124.39,85.14,3.74
636,norwich,34.0,1562904432.0,100.0,52.63,1.29,63.0,6.93
637,nouadhibou,5.0,1562904433.0,77.0,20.93,-17.03,69.8,18.34
638,mae hong son,40.0,1562904433.0,74.0,19.3,97.96,80.6,2.24
639,zhanaozen,0.0,1562904433.0,36.0,43.35,52.85,87.2,6.04
